Number of Hidden Dims,Decrease Rate of Layers' Units,Seed,Pre Filter Count,Loss Filter Count,Node Name,Hidden Dims,Latent Dim,Test Accuracy,Test Precision,Test Recall,Test F0.5-Score,Test F1-Score,Test F2-Score,Test Conf. Matrix,All Data Accuracy,All Data Precision,All Data Recall,All Data F0.5-Score,All Data F1-Score,All Data F2-Score,All Data Conf. Matrix,Post_Test Accuracy,Post_Test Precision,Post_Test Recall,Post_Test F0.5-Score,Post_Test F1-Score,Post_Test F2-Score,Post_Test Conf. Matrix,Post All Data Accuracy,Post All Data Precision,Post All Data Recall,Post All Data F0.5-Score,Post All Data F1-Score,Post All Data F2-Score,Post All Data Conf. Matrix
1,1.232,42,460,379,r207n17.gzip,[373],303,0.99,0.5,0.03,0.12,0.06,0.04,"[[2273    1]
 [  32    1]]",0.99,0.33,0.03,0.12,0.06,0.04,"[[11471     4]
 [   58     2]]",0.99,1.0,0.06,0.24,0.11,0.07,"[[2273    0]
 [  32    2]]",0.99,0.38,0.05,0.16,0.09,0.06,"[[11469     5]
 [   58     3]]"
9,1.047,42,460,290,r207n17.gzip,"[439, 419, 400, 382, 364, 347, 331, 316, 301]",290,0.68,0.07,0.82,0.08,0.12,0.25,"[[1530  716]
 [  11   50]]",0.69,0.03,0.85,0.03,0.05,0.12,"[[7815 3597]
 [  19  104]]",0.7,0.07,0.82,0.08,0.12,0.25,"[[1556  690]
 [  11   50]]",0.7,0.03,0.84,0.04,0.06,0.13,"[[7943 3470]
 [  19  103]]"
1,2.792,42,460,78,r207n17.gzip,[164],59,0.99,0.5,0.03,0.12,0.06,0.04,"[[2273    1]
 [  32    1]]",0.99,0.25,0.03,0.11,0.06,0.04,"[[11469     6]
 [   58     2]]",0.98,0.0,0.0,,,,"[[2270    4]
 [  33    0]]",0.99,0.06,0.02,0.04,0.03,0.02,"[[11460    16]
 [   58     1]]"
5,1.047,42,460,374,r207n17.gzip,"[439, 419, 400, 382, 364]",349,0.99,0.0,0.0,,,,"[[2273    1]
 [  33    0]]",0.99,0.25,0.02,0.07,0.03,0.02,"[[11472     3]
 [   59     1]]",0.79,0.07,0.64,0.09,0.13,0.24,"[[1790  462]
 [  20   35]]",0.8,0.03,0.64,0.03,0.05,0.12,"[[9173 2263]
 [  36   63]]"
1,1.42,42,460,316,r207n17.gzip,[323],228,0.99,0.5,0.03,0.12,0.06,0.04,"[[2273    1]
 [  32    1]]",0.99,0.29,0.03,0.11,0.06,0.04,"[[11470     5]
 [   58     2]]",0.98,0.33,0.03,0.11,0.05,0.04,"[[2271    2]
 [  33    1]]",0.99,0.19,0.05,0.12,0.08,0.06,"[[11461    13]
 [   58     3]]"
7,1.052,42,460,324,r207n17.gzip,"[437, 415, 394, 374, 355, 337, 320]",307,0.98,0.0,0.0,,,,"[[2268    6]
 [  33    0]]",0.99,0.02,0.02,0.02,0.02,0.02,"[[11433    42]
 [   59     1]]",0.67,0.05,0.78,0.07,0.1,0.21,"[[1507  746]
 [  12   42]]",0.68,0.02,0.77,0.03,0.04,0.1,"[[7795 3631]
 [  25   84]]"
2,1.156,42,460,197,r207n17.gzip,"[397, 343]",298,0.88,0.13,0.82,0.16,0.23,0.4,"[[1980  276]
 [   9   42]]",0.87,0.06,0.85,0.07,0.11,0.22,"[[9974 1459]
 [  15   87]]",0.98,0.35,0.5,0.37,0.41,0.46,"[[2230   37]
 [  20   20]]",0.98,0.16,0.55,0.19,0.25,0.37,"[[11242   216]
 [   35    42]]"
8,1.037,42,460,45,r207n17.gzip,"[443, 427, 411, 396, 381, 367, 353, 340]",332,0.98,0.0,0.0,,,,"[[2267    7]
 [  33    0]]",0.99,0.03,0.02,0.03,0.02,0.02,"[[11442    33]
 [   59     1]]",0.95,0.21,0.6,0.24,0.31,0.44,"[[2178   89]
 [  16   24]]",0.95,0.09,0.64,0.11,0.16,0.29,"[[10966   492]
 [   28    49]]"
6,1.0270000000000001,42,460,395,r207n17.gzip,"[447, 435, 423, 411, 400, 389]",382,0.45,0.05,0.98,0.06,0.09,0.2,"[[ 973 1271]
 [   1   62]]",0.45,0.02,0.98,0.02,0.04,0.09,"[[5035 6379]
 [   2  119]]",0.45,0.05,0.98,0.06,0.09,0.2,"[[ 970 1274]
 [   1   62]]",0.45,0.02,0.98,0.02,0.04,0.09,"[[5020 6394]
 [   2  119]]"
5,1.111,42,460,403,r207n17.gzip,"[414, 372, 334, 300, 270]",244,0.98,0.0,0.0,,,,"[[2268    6]
 [  33    0]]",0.99,0.03,0.02,0.02,0.02,0.02,"[[11439    36]
 [   59     1]]",0.98,0.0,0.0,,,,"[[2268    6]
 [  33    0]]",0.99,0.03,0.02,0.02,0.02,0.02,"[[11439    36]
 [   59     1]]"
10,1.02,42,460,151,r207n17.gzip,"[450, 441, 432, 423, 414, 405, 397, 389, 381, 373]",368,0.98,0.0,0.0,,,,"[[2268    6]
 [  33    0]]",0.99,0.03,0.02,0.03,0.02,0.02,"[[11443    32]
 [   59     1]]",0.79,0.08,0.74,0.09,0.14,0.27,"[[1774  479]
 [  14   40]]",0.78,0.03,0.76,0.04,0.06,0.13,"[[8938 2492]
 [  25   80]]"
7,1.163,42,460,10,r207n17.gzip,"[395, 339, 291, 250, 214, 184, 158]",137,0.98,0.0,0.0,,,,"[[2265    9]
 [  33    0]]",0.99,0.02,0.02,0.02,0.02,0.02,"[[11425    50]
 [   59     1]]",0.72,0.06,0.98,0.08,0.12,0.25,"[[1614  649]
 [   1   43]]",0.71,0.02,0.98,0.03,0.05,0.11,"[[8158 3292]
 [   2   83]]"
8,1.0859999999999999,42,460,175,r207n17.gzip,"[423, 389, 358, 329, 302, 278, 255, 234]",219,0.98,0.0,0.0,,,,"[[2268    6]
 [  33    0]]",0.99,0.03,0.02,0.02,0.02,0.02,"[[11438    37]
 [   59     1]]",0.9,0.13,0.62,0.16,0.22,0.36,"[[2055  202]
 [  19   31]]",0.91,0.06,0.65,0.07,0.1,0.21,"[[10411  1030]
 [   33    61]]"
2,1.216,42,460,199,r207n17.gzip,"[378, 310]",256,0.91,0.13,0.67,0.16,0.22,0.37,"[[2066  196]
 [  15   30]]",0.91,0.06,0.73,0.07,0.11,0.23,"[[10430  1015]
 [   24    66]]",0.98,0.43,0.5,0.45,0.47,0.49,"[[2241   26]
 [  20   20]]",0.98,0.2,0.55,0.23,0.29,0.41,"[[11290   168]
 [   35    42]]"
7,1.38,42,460,321,r207n17.gzip,"[333, 241, 174, 126, 91, 65, 47]",35,0.98,0.0,0.0,,,,"[[2267    7]
 [  33    0]]",0.99,0.02,0.02,0.02,0.02,0.02,"[[11430    45]
 [   59     1]]",0.98,0.0,0.0,,,,"[[2268    6]
 [  33    0]]",0.99,0.02,0.02,0.02,0.02,0.02,"[[11431    44]
 [   59     1]]"
6,1.084,42,460,388,r207n17.gzip,"[424, 391, 360, 332, 306, 282]",262,0.98,0.0,0.0,,,,"[[2268    6]
 [  33    0]]",0.99,0.02,0.02,0.02,0.02,0.02,"[[11429    46]
 [   59     1]]",0.98,0.0,0.0,,,,"[[2268    6]
 [  33    0]]",0.99,0.02,0.02,0.02,0.02,0.02,"[[11429    46]
 [   59     1]]"
7,1.1079999999999999,42,460,132,r207n17.gzip,"[415, 374, 337, 304, 274, 247, 222]",203,0.98,0.0,0.0,,,,"[[2268    6]
 [  33    0]]",0.99,0.02,0.02,0.02,0.02,0.02,"[[11436    39]
 [   59     1]]",0.68,0.05,0.72,0.06,0.09,0.2,"[[1535  719]
 [  15   38]]",0.69,0.02,0.71,0.02,0.04,0.09,"[[7835 3600]
 [  29   71]]"
6,1.037,42,460,151,r207n17.gzip,"[443, 427, 411, 396, 381, 367]",357,0.98,0.0,0.0,,,,"[[2266    8]
 [  33    0]]",0.99,0.02,0.02,0.02,0.02,0.02,"[[11429    46]
 [   59     1]]",0.77,0.05,0.58,0.07,0.1,0.2,"[[1745  512]
 [  21   29]]",0.78,0.02,0.61,0.03,0.04,0.1,"[[8987 2454]
 [  37   57]]"
8,1.1520000000000001,42,460,32,r207n17.gzip,"[399, 346, 300, 260, 225, 195, 169, 146]",129,0.98,0.0,0.0,,,,"[[2268    6]
 [  33    0]]",0.99,0.02,0.02,0.02,0.02,0.02,"[[11432    43]
 [   59     1]]",0.99,0.57,0.42,0.53,0.48,0.44,"[[2257   12]
 [  22   16]]",0.99,0.36,0.42,0.38,0.39,0.41,"[[11408    54]
 [   42    31]]"
2,2.124,42,460,271,r207n17.gzip,"[216, 101]",48,0.99,0.5,0.03,0.12,0.06,0.04,"[[2273    1]
 [  32    1]]",0.99,0.29,0.03,0.11,0.06,0.04,"[[11470     5]
 [   58     2]]",0.98,0.08,0.03,0.06,0.04,0.03,"[[2262   11]
 [  33    1]]",0.99,0.04,0.03,0.04,0.04,0.03,"[[11426    48]
 [   59     2]]"
3,1.3,42,460,453,r207n17.gzip,"[353, 271, 208]",161,0.99,0.33,0.03,0.11,0.06,0.04,"[[2272    2]
 [  32    1]]",0.99,0.22,0.03,0.1,0.06,0.04,"[[11468     7]
 [   58     2]]",0.99,0.33,0.03,0.11,0.06,0.04,"[[2272    2]
 [  32    1]]",0.99,0.22,0.03,0.1,0.06,0.04,"[[11468     7]
 [   58     2]]"
4,1.232,42,460,448,r207n17.gzip,"[373, 302, 245, 198]",162,0.99,0.33,0.03,0.11,0.06,0.04,"[[2272    2]
 [  32    1]]",0.99,0.2,0.03,0.1,0.06,0.04,"[[11467     8]
 [   58     2]]",0.99,0.33,0.03,0.11,0.06,0.04,"[[2272    2]
 [  32    1]]",0.99,0.2,0.03,0.1,0.06,0.04,"[[11467     8]
 [   58     2]]"
3,1.508,42,460,453,r207n17.gzip,"[305, 202, 133]",89,0.99,0.33,0.03,0.11,0.06,0.04,"[[2272    2]
 [  32    1]]",0.99,0.25,0.03,0.11,0.06,0.04,"[[11469     6]
 [   58     2]]",0.99,0.33,0.03,0.11,0.06,0.04,"[[2272    2]
 [  32    1]]",0.99,0.25,0.03,0.11,0.06,0.04,"[[11469     6]
 [   58     2]]"
3,1.516,42,460,432,r207n17.gzip,"[303, 199, 131]",87,0.98,0.25,0.03,0.1,0.05,0.04,"[[2271    3]
 [  32    1]]",0.99,0.2,0.03,0.1,0.06,0.04,"[[11467     8]
 [   58     2]]",0.98,0.25,0.03,0.1,0.05,0.04,"[[2271    3]
 [  32    1]]",0.99,0.2,0.03,0.1,0.06,0.04,"[[11467     8]
 [   58     2]]"
3,1.038,42,460,348,r207n17.gzip,"[443, 426, 410]",396,0.87,0.12,0.82,0.15,0.21,0.38,"[[1973  285]
 [   9   40]]",0.87,0.05,0.85,0.07,0.1,0.21,"[[9961 1475]
 [  15   84]]",0.87,0.12,0.82,0.15,0.22,0.39,"[[1977  281]
 [   9   40]]",0.87,0.05,0.85,0.07,0.1,0.21,"[[9978 1459]
 [  15   83]]"
4,1.386,42,460,243,r207n17.gzip,"[331, 238, 171, 123]",90,0.99,0.5,0.06,0.2,0.11,0.07,"[[2271    2]
 [  32    2]]",0.99,0.19,0.05,0.12,0.08,0.06,"[[11461    13]
 [   58     3]]",0.98,0.19,0.09,0.15,0.12,0.1,"[[2259   13]
 [  32    3]]",0.99,0.08,0.08,0.08,0.08,0.08,"[[11412    61]
 [   57     5]]"
1,1.5519999999999998,42,460,425,r207n17.gzip,[296],191,0.99,0.5,0.03,0.12,0.06,0.04,"[[2273    1]
 [  32    1]]",0.99,0.29,0.03,0.11,0.06,0.04,"[[11470     5]
 [   58     2]]",0.99,0.5,0.03,0.12,0.06,0.04,"[[2273    1]
 [  32    1]]",0.99,0.29,0.03,0.11,0.06,0.04,"[[11470     5]
 [   58     2]]"
1,1.52,42,460,424,r207n17.gzip,[302],199,0.99,0.5,0.03,0.12,0.06,0.04,"[[2273    1]
 [  32    1]]",0.99,0.25,0.03,0.11,0.06,0.04,"[[11469     6]
 [   58     2]]",0.99,0.5,0.03,0.12,0.06,0.04,"[[2273    1]
 [  32    1]]",0.99,0.25,0.03,0.11,0.06,0.04,"[[11469     6]
 [   58     2]]"
2,1.1909999999999998,42,460,284,r207n17.gzip,"[386, 324]",272,0.97,0.27,0.52,0.3,0.36,0.44,"[[2206   59]
 [  20   22]]",0.97,0.12,0.57,0.15,0.2,0.33,"[[11132   322]
 [   35    46]]",0.97,0.31,0.5,0.33,0.38,0.44,"[[2222   45]
 [  20   20]]",0.97,0.14,0.56,0.17,0.23,0.35,"[[11191   265]
 [   35    44]]"
1,1.594,42,460,354,r207n17.gzip,[288],181,0.99,0.5,0.03,0.12,0.06,0.04,"[[2273    1]
 [  32    1]]",0.99,0.33,0.03,0.12,0.06,0.04,"[[11471     4]
 [   58     2]]",0.99,1.0,0.06,0.24,0.11,0.07,"[[2273    0]
 [  32    2]]",0.99,0.38,0.05,0.16,0.09,0.06,"[[11469     5]
 [   58     3]]"
4,1.068,42,460,360,r207n17.gzip,"[430, 402, 376, 352]",331,0.99,0.33,0.03,0.11,0.06,0.04,"[[2272    2]
 [  32    1]]",0.99,0.25,0.03,0.11,0.06,0.04,"[[11469     6]
 [   58     2]]",0.99,0.33,0.03,0.11,0.06,0.04,"[[2272    2]
 [  32    1]]",0.99,0.29,0.03,0.11,0.06,0.04,"[[11470     5]
 [   58     2]]"
1,1.277,42,460,254,r207n17.gzip,[360],282,0.99,0.5,0.03,0.12,0.06,0.04,"[[2273    1]
 [  32    1]]",0.99,0.29,0.03,0.11,0.06,0.04,"[[11470     5]
 [   58     2]]",0.98,0.33,0.09,0.21,0.14,0.1,"[[2266    6]
 [  32    3]]",0.99,0.14,0.08,0.12,0.1,0.09,"[[11442    31]
 [   57     5]]"
2,1.136,42,460,345,r207n17.gzip,"[404, 355]",314,0.99,0.5,0.03,0.12,0.06,0.04,"[[2273    1]
 [  32    1]]",0.99,0.29,0.03,0.11,0.06,0.04,"[[11470     5]
 [   58     2]]",0.97,0.28,0.52,0.31,0.37,0.45,"[[2209   56]
 [  20   22]]",0.97,0.12,0.57,0.14,0.2,0.33,"[[11122   332]
 [   35    46]]"
1,1.635,42,460,302,r207n17.gzip,[281],172,0.99,0.5,0.03,0.12,0.06,0.04,"[[2273    1]
 [  32    1]]",0.99,0.22,0.03,0.1,0.06,0.04,"[[11468     7]
 [   58     2]]",0.98,0.25,0.03,0.1,0.05,0.04,"[[2270    3]
 [  33    1]]",0.99,0.11,0.03,0.07,0.05,0.04,"[[11457    17]
 [   59     2]]"
5,1.1179999999999999,42,460,216,r207n17.gzip,"[411, 367, 328, 293, 262]",236,0.98,0.0,0.0,,,,"[[2267    7]
 [  33    0]]",0.99,0.03,0.02,0.02,0.02,0.02,"[[11438    37]
 [   59     1]]",0.79,0.06,0.61,0.07,0.1,0.21,"[[1795  466]
 [  18   28]]",0.8,0.02,0.63,0.03,0.04,0.1,"[[9164 2285]
 [  32   54]]"
10,1.127,42,460,371,r207n17.gzip,"[408, 362, 321, 284, 251, 222, 196, 173, 153, 135]",124,0.79,0.08,0.73,0.1,0.14,0.27,"[[1781  471]
 [  15   40]]",0.79,0.03,0.78,0.04,0.07,0.15,"[[9033 2392]
 [  24   86]]",0.79,0.08,0.73,0.1,0.14,0.27,"[[1782  470]
 [  15   40]]",0.79,0.03,0.78,0.04,0.07,0.15,"[[9041 2384]
 [  24   86]]"
1,1.2590000000000001,42,460,336,r207n17.gzip,[365],290,0.99,0.0,0.0,,,,"[[2273    1]
 [  33    0]]",0.99,0.17,0.02,0.06,0.03,0.02,"[[11470     5]
 [   59     1]]",0.99,1.0,0.03,0.13,0.06,0.04,"[[2273    0]
 [  33    1]]",0.99,0.25,0.03,0.11,0.06,0.04,"[[11468     6]
 [   59     2]]"
9,1.035,42,460,87,r207n17.gzip,"[444, 428, 413, 399, 385, 371, 358, 345, 333]",327,0.98,0.0,0.0,,,,"[[2268    6]
 [  33    0]]",0.99,0.03,0.02,0.03,0.02,0.02,"[[11442    33]
 [   59     1]]",0.94,0.14,0.5,0.16,0.22,0.33,"[[2145  122]
 [  20   20]]",0.93,0.06,0.57,0.07,0.11,0.21,"[[10726   727]
 [   35    47]]"
4,1.202,42,460,295,r207n17.gzip,"[382, 317, 263, 218]",183,0.99,0.5,0.03,0.12,0.06,0.04,"[[2273    1]
 [  32    1]]",0.99,0.25,0.03,0.11,0.06,0.04,"[[11469     6]
 [   58     2]]",0.76,0.09,0.9,0.11,0.16,0.31,"[[1691  557]
 [   6   53]]",0.76,0.04,0.9,0.04,0.07,0.15,"[[8664 2759]
 [  11  101]]"
2,1.264,42,460,385,r207n17.gzip,"[363, 287]",228,0.87,0.13,0.83,0.15,0.22,0.4,"[[1964  291]
 [   9   43]]",0.87,0.06,0.85,0.07,0.11,0.22,"[[9957 1475]
 [  15   88]]",0.87,0.13,0.83,0.16,0.23,0.4,"[[1969  286]
 [   9   43]]",0.87,0.06,0.85,0.07,0.11,0.23,"[[9981 1451]
 [  15   88]]"
3,1.42,42,460,412,r207n17.gzip,"[323, 227, 159]",113,0.99,0.5,0.03,0.12,0.06,0.04,"[[2273    1]
 [  32    1]]",0.99,0.25,0.03,0.11,0.06,0.04,"[[11469     6]
 [   58     2]]",0.99,0.5,0.03,0.12,0.06,0.04,"[[2273    1]
 [  32    1]]",0.99,0.25,0.03,0.11,0.06,0.04,"[[11469     6]
 [   58     2]]"
2,1.463,42,460,269,r207n17.gzip,"[314, 214]",147,0.9,0.14,0.74,0.17,0.24,0.41,"[[2051  209]
 [  12   35]]",0.9,0.06,0.77,0.08,0.12,0.24,"[[10363  1079]
 [   21    72]]",0.96,0.24,0.5,0.27,0.33,0.41,"[[2204   63]
 [  20   20]]",0.97,0.12,0.56,0.15,0.2,0.33,"[[11147   310]
 [   34    44]]"
5,1.11,42,460,318,r207n17.gzip,"[414, 372, 335, 301, 271]",246,0.83,0.07,0.58,0.08,0.12,0.23,"[[1878  381]
 [  20   28]]",0.83,0.03,0.6,0.03,0.05,0.11,"[[9522 1924]
 [  36   53]]",0.8,0.07,0.63,0.08,0.12,0.24,"[[1824  432]
 [  19   32]]",0.81,0.03,0.63,0.03,0.05,0.12,"[[9316 2124]
 [  35   60]]"
1,1.1,42,460,357,r207n17.gzip,[418],380,0.99,0.5,0.03,0.12,0.06,0.04,"[[2273    1]
 [  32    1]]",0.99,0.29,0.03,0.11,0.06,0.04,"[[11470     5]
 [   58     2]]",0.99,1.0,0.06,0.24,0.11,0.07,"[[2273    0]
 [  32    2]]",0.99,0.38,0.05,0.16,0.09,0.06,"[[11469     5]
 [   58     3]]"
9,1.028,42,460,219,r207n17.gzip,"[447, 434, 422, 410, 398, 387, 376, 365, 355]",348,0.8,0.08,0.73,0.1,0.15,0.29,"[[1807  444]
 [  15   41]]",0.8,0.04,0.77,0.04,0.07,0.15,"[[9167 2258]
 [  25   85]]",0.81,0.09,0.75,0.11,0.16,0.31,"[[1819  431]
 [  14   43]]",0.8,0.04,0.78,0.05,0.07,0.15,"[[9191 2235]
 [  24   85]]"
4,1.083,42,460,395,r207n17.gzip,"[424, 391, 361, 333]",309,0.98,0.25,0.03,0.1,0.05,0.04,"[[2271    3]
 [  32    1]]",0.99,0.22,0.03,0.1,0.06,0.04,"[[11468     7]
 [   58     2]]",0.99,0.33,0.03,0.11,0.06,0.04,"[[2272    2]
 [  32    1]]",0.99,0.2,0.03,0.1,0.06,0.04,"[[11467     8]
 [   58     2]]"
5,1.031,42,460,373,r207n17.gzip,"[446, 432, 419, 406, 393]",383,0.98,0.0,0.0,,,,"[[2272    2]
 [  33    0]]",0.99,0.07,0.02,0.04,0.03,0.02,"[[11462    13]
 [   59     1]]",0.98,0.0,0.0,,,,"[[2272    2]
 [  33    0]]",0.99,0.07,0.02,0.04,0.03,0.02,"[[11462    13]
 [   59     1]]"
2,1.073,42,460,180,r207n17.gzip,"[428, 398]",372,0.85,0.1,0.81,0.12,0.18,0.34,"[[1920  339]
 [   9   39]]",0.85,0.05,0.85,0.06,0.09,0.2,"[[9740 1694]
 [  15   86]]",0.98,0.41,0.5,0.42,0.45,0.48,"[[2238   29]
 [  20   20]]",0.98,0.18,0.53,0.21,0.27,0.38,"[[11278   181]
 [   36    40]]"
6,1.04,42,460,306,r207n17.gzip,"[442, 425, 408, 392, 376, 361]",350,0.98,0.0,0.0,,,,"[[2268    6]
 [  33    0]]",0.99,0.03,0.02,0.03,0.02,0.02,"[[11442    33]
 [   59     1]]",0.44,0.04,0.97,0.06,0.09,0.19,"[[ 949 1295]
 [   2   61]]",0.44,0.02,0.98,0.02,0.04,0.08,"[[4915 6499]
 [   3  118]]"
3,1.039,42,460,114,r207n17.gzip,"[442, 425, 409]",394,0.99,0.5,0.03,0.12,0.06,0.04,"[[2273    1]
 [  32    1]]",0.99,0.29,0.03,0.11,0.06,0.04,"[[11470     5]
 [   58     2]]",0.98,0.34,0.49,0.36,0.4,0.45,"[[2231   37]
 [  20   19]]",0.98,0.18,0.55,0.2,0.27,0.39,"[[11263   195]
 [   35    42]]"
1,2.66,42,460,275,r207n17.gzip,[172],65,0.99,0.33,0.03,0.11,0.06,0.04,"[[2272    2]
 [  32    1]]",0.99,0.2,0.03,0.1,0.06,0.04,"[[11467     8]
 [   58     2]]",0.98,0.09,0.03,0.06,0.04,0.03,"[[2263   10]
 [  33    1]]",0.99,0.05,0.03,0.04,0.04,0.04,"[[11435    39]
 [   59     2]]"
8,1.085,42,460,406,r207n17.gzip,"[423, 389, 358, 329, 303, 279, 257, 236]",220,0.98,0.0,0.0,,,,"[[2269    5]
 [  33    0]]",0.99,0.03,0.02,0.03,0.02,0.02,"[[11447    28]
 [   59     1]]",0.98,0.0,0.0,,,,"[[2269    5]
 [  33    0]]",0.99,0.03,0.02,0.03,0.02,0.02,"[[11447    28]
 [   59     1]]"
3,2.092,42,460,333,r207n17.gzip,"[219, 104, 49]",24,0.98,0.0,0.0,,,,"[[2272    2]
 [  33    0]]",0.99,0.08,0.02,0.04,0.03,0.02,"[[11463    12]
 [   59     1]]",0.86,0.1,0.7,0.12,0.18,0.32,"[[1953  304]
 [  15   35]]",0.86,0.05,0.75,0.06,0.09,0.18,"[[9882 1554]
 [  25   74]]"
2,1.082,42,460,258,r207n17.gzip,"[425, 392]",363,0.97,0.28,0.51,0.31,0.36,0.44,"[[2212   54]
 [  20   21]]",0.97,0.12,0.56,0.15,0.2,0.33,"[[11140   315]
 [   35    45]]",0.97,0.3,0.5,0.33,0.38,0.44,"[[2221   46]
 [  20   20]]",0.97,0.13,0.54,0.15,0.21,0.33,"[[11160   296]
 [   36    43]]"
10,1.04,42,460,437,r207n17.gzip,"[442, 425, 408, 392, 376, 361, 347, 333, 320, 307]",298,0.77,0.07,0.73,0.09,0.14,0.26,"[[1742  509]
 [  15   41]]",0.78,0.03,0.78,0.04,0.06,0.14,"[[8868 2558]
 [  24   85]]",0.77,0.07,0.73,0.09,0.14,0.26,"[[1741  510]
 [  15   41]]",0.78,0.03,0.78,0.04,0.06,0.14,"[[8868 2558]
 [  24   85]]"
7,1.069,42,460,223,r207n17.gzip,"[430, 402, 376, 351, 328, 306, 286]",269,0.98,0.0,0.0,,,,"[[2268    6]
 [  33    0]]",0.99,0.03,0.02,0.02,0.02,0.02,"[[11440    35]
 [   59     1]]",0.26,0.04,1.0,0.05,0.07,0.16,"[[ 543 1697]
 [   0   67]]",0.27,0.02,1.0,0.02,0.03,0.07,"[[2929 8471]
 [   0  135]]"
9,1.037,42,460,64,r207n17.gzip,"[443, 427, 411, 396, 381, 367, 353, 340, 327]",319,0.83,0.09,0.71,0.11,0.16,0.3,"[[1888  368]
 [  15   36]]",0.84,0.04,0.73,0.05,0.07,0.16,"[[9572 1860]
 [  28   75]]",0.98,0.38,0.39,0.39,0.39,0.39,"[[2245   24]
 [  23   15]]",0.98,0.19,0.42,0.21,0.26,0.34,"[[11329   132]
 [   43    31]]"
7,1.073,42,460,156,r207n17.gzip,"[428, 398, 370, 344, 320, 298, 277]",262,0.98,0.0,0.0,,,,"[[2262   12]
 [  33    0]]",0.99,0.02,0.02,0.02,0.02,0.02,"[[11414    61]
 [   59     1]]",0.42,0.05,0.98,0.06,0.09,0.2,"[[ 909 1332]
 [   1   65]]",0.42,0.02,0.98,0.02,0.04,0.08,"[[4746 6663]
 [   3  123]]"
7,1.064,42,460,229,r207n17.gzip,"[432, 406, 381, 358, 336, 315, 296]",280,0.98,0.0,0.0,,,,"[[2267    7]
 [  33    0]]",0.99,0.02,0.02,0.02,0.02,0.02,"[[11434    41]
 [   59     1]]",0.65,0.05,0.7,0.06,0.09,0.19,"[[1460  790]
 [  17   40]]",0.66,0.02,0.73,0.02,0.04,0.09,"[[7547 3881]
 [  29   78]]"
6,1.119,42,460,126,r207n17.gzip,"[411, 367, 327, 292, 260, 232]",210,0.98,0.0,0.0,,,,"[[2266    8]
 [  33    0]]",0.99,0.02,0.02,0.02,0.02,0.02,"[[11433    42]
 [   59     1]]",0.74,0.06,0.65,0.07,0.1,0.21,"[[1664  589]
 [  19   35]]",0.74,0.02,0.67,0.03,0.04,0.1,"[[8507 2927]
 [  33   68]]"
8,1.071,42,460,202,r207n17.gzip,"[429, 400, 373, 348, 324, 302, 281, 262]",249,0.98,0.0,0.0,,,,"[[2268    6]
 [  33    0]]",0.99,0.03,0.02,0.02,0.02,0.02,"[[11441    34]
 [   59     1]]",0.82,0.09,0.71,0.11,0.16,0.3,"[[1862  390]
 [  16   39]]",0.82,0.04,0.76,0.05,0.07,0.16,"[[9397 2030]
 [  26   82]]"
7,1.037,42,460,173,r207n17.gzip,"[443, 427, 411, 396, 381, 367, 353]",344,0.98,0.0,0.0,,,,"[[2268    6]
 [  33    0]]",0.99,0.03,0.02,0.03,0.02,0.02,"[[11442    33]
 [   59     1]]",0.85,0.1,0.74,0.13,0.18,0.33,"[[1921  333]
 [  14   39]]",0.85,0.04,0.77,0.05,0.08,0.18,"[[9704 1728]
 [  24   79]]"
8,1.051,42,460,96,r207n17.gzip,"[437, 415, 394, 374, 355, 337, 320, 304]",293,0.85,0.1,0.7,0.12,0.18,0.32,"[[1921  332]
 [  16   38]]",0.85,0.04,0.76,0.05,0.08,0.18,"[[9725 1707]
 [  25   78]]",0.96,0.2,0.51,0.23,0.29,0.39,"[[2188   80]
 [  19   20]]",0.96,0.09,0.55,0.11,0.16,0.27,"[[11042   416]
 [   35    42]]"
6,1.045,42,460,11,r207n17.gzip,"[440, 421, 402, 384, 367, 351]",339,0.64,0.07,0.95,0.08,0.13,0.26,"[[1408  835]
 [   3   61]]",0.64,0.03,0.94,0.03,0.05,0.12,"[[7211 4201]
 [   7  116]]",0.99,0.33,0.03,0.11,0.06,0.04,"[[2272    2]
 [  32    1]]",0.99,0.12,0.03,0.08,0.05,0.04,"[[11462    14]
 [   57     2]]"
7,1.071,42,460,243,r207n17.gzip,"[429, 400, 373, 348, 324, 302, 281]",266,0.98,0.0,0.0,,,,"[[2266    8]
 [  33    0]]",0.99,0.02,0.02,0.02,0.02,0.02,"[[11434    41]
 [   59     1]]",0.6,0.05,0.83,0.06,0.09,0.2,"[[1331  918]
 [  10   48]]",0.6,0.02,0.83,0.02,0.04,0.09,"[[6865 4560]
 [  19   91]]"
5,1.2,42,460,184,r207n17.gzip,"[383, 319, 265, 220, 183]",154,0.98,0.0,0.0,,,,"[[2267    7]
 [  33    0]]",0.99,0.03,0.02,0.02,0.02,0.02,"[[11437    38]
 [   59     1]]",0.88,0.14,0.82,0.17,0.24,0.42,"[[1996  260]
 [   9   42]]",0.88,0.06,0.84,0.07,0.11,0.23,"[[10093  1344]
 [   16    82]]"
6,1.025,42,460,327,r207n17.gzip,"[448, 437, 426, 415, 404, 394]",386,0.98,0.0,0.0,,,,"[[2267    7]
 [  33    0]]",0.99,0.02,0.02,0.02,0.02,0.02,"[[11427    48]
 [   59     1]]",0.45,0.05,0.98,0.06,0.09,0.2,"[[ 977 1264]
 [   1   65]]",0.44,0.02,0.99,0.02,0.04,0.09,"[[5007 6404]
 [   1  123]]"
7,1.118,42,460,283,r207n17.gzip,"[411, 367, 328, 293, 262, 234, 209]",188,0.98,0.0,0.0,,,,"[[2266    8]
 [  33    0]]",0.99,0.02,0.02,0.02,0.02,0.02,"[[11430    45]
 [   59     1]]",0.36,0.04,0.98,0.05,0.08,0.17,"[[ 780 1464]
 [   1   62]]",0.36,0.02,0.99,0.02,0.03,0.08,"[[4065 7341]
 [   1  128]]"
8,1.113,42,460,305,r207n17.gzip,"[413, 371, 333, 299, 268, 240, 215, 193]",176,0.98,0.0,0.0,,,,"[[2268    6]
 [  33    0]]",0.99,0.03,0.02,0.02,0.02,0.02,"[[11440    35]
 [   59     1]]",0.81,0.08,0.69,0.1,0.14,0.27,"[[1839  416]
 [  16   36]]",0.81,0.03,0.73,0.04,0.06,0.14,"[[9262 2175]
 [  26   72]]"
1,2.0,42,460,356,r207n17.gzip,[230],115,0.99,1.0,0.03,0.14,0.06,0.04,"[[2274    0]
 [  32    1]]",0.99,0.33,0.03,0.12,0.06,0.04,"[[11471     4]
 [   58     2]]",0.99,0.5,0.06,0.2,0.11,0.07,"[[2271    2]
 [  32    2]]",0.99,0.29,0.07,0.17,0.11,0.08,"[[11464    10]
 [   57     4]]"
10,1.034,42,460,205,r207n17.gzip,"[444, 429, 414, 400, 386, 373, 360, 348, 336, 324]",318,0.98,0.0,0.0,,,,"[[2268    6]
 [  33    0]]",0.99,0.03,0.02,0.02,0.02,0.02,"[[11439    36]
 [   59     1]]",0.63,0.07,0.95,0.08,0.12,0.26,"[[1386  858]
 [   3   60]]",0.63,0.03,0.94,0.03,0.05,0.12,"[[7126 4283]
 [   7  119]]"
4,1.146,42,460,415,r207n17.gzip,"[401, 349, 304, 265]",233,0.99,0.33,0.03,0.11,0.06,0.04,"[[2272    2]
 [  32    1]]",0.99,0.18,0.03,0.1,0.06,0.04,"[[11466     9]
 [   58     2]]",0.99,0.5,0.03,0.12,0.06,0.04,"[[2273    1]
 [  32    1]]",0.99,0.2,0.03,0.1,0.06,0.04,"[[11467     8]
 [   58     2]]"
9,1.021,42,460,390,r207n17.gzip,"[450, 440, 430, 421, 412, 403, 394, 385, 377]",373,0.98,0.0,0.0,,,,"[[2268    6]
 [  33    0]]",0.99,0.03,0.02,0.03,0.02,0.02,"[[11443    32]
 [   59     1]]",0.73,0.07,0.74,0.08,0.12,0.24,"[[1646  603]
 [  15   43]]",0.73,0.03,0.79,0.04,0.06,0.13,"[[8363 3057]
 [  24   91]]"
3,1.132,42,460,457,r207n17.gzip,"[406, 358, 316]",280,0.91,0.14,0.69,0.17,0.24,0.39,"[[2076  186]
 [  14   31]]",0.91,0.07,0.75,0.08,0.12,0.24,"[[10469   975]
 [   23    68]]",0.91,0.14,0.69,0.17,0.24,0.39,"[[2076  186]
 [  14   31]]",0.91,0.07,0.75,0.08,0.12,0.24,"[[10469   975]
 [   23    68]]"
6,1.06,42,460,364,r207n17.gzip,"[433, 408, 384, 362, 341, 321]",305,0.98,0.0,0.0,,,,"[[2264   10]
 [  33    0]]",0.99,0.02,0.02,0.02,0.02,0.02,"[[11422    53]
 [   59     1]]",0.7,0.06,0.72,0.07,0.11,0.22,"[[1575  674]
 [  16   42]]",0.71,0.02,0.72,0.03,0.04,0.1,"[[8105 3324]
 [  30   76]]"
5,1.148,42,460,343,r207n17.gzip,"[400, 348, 303, 263, 229]",201,0.98,0.0,0.0,,,,"[[2266    8]
 [  33    0]]",0.99,0.02,0.02,0.02,0.02,0.02,"[[11428    47]
 [   59     1]]",0.56,0.05,0.94,0.07,0.1,0.22,"[[1238 1007]
 [   4   58]]",0.56,0.02,0.95,0.03,0.04,0.1,"[[6369 5049]
 [   6  111]]"
2,1.2890000000000001,42,460,442,r207n17.gzip,"[356, 276]",215,0.89,0.14,0.82,0.16,0.23,0.41,"[[2002  256]
 [   9   40]]",0.89,0.06,0.85,0.07,0.11,0.23,"[[10138  1299]
 [   15    83]]",0.89,0.14,0.82,0.16,0.23,0.41,"[[2002  256]
 [   9   40]]",0.89,0.06,0.85,0.07,0.11,0.23,"[[10139  1298]
 [   15    83]]"
8,1.186,42,460,256,r207n17.gzip,"[387, 326, 274, 231, 194, 163, 137, 115]",99,0.98,0.0,0.0,,,,"[[2267    7]
 [  33    0]]",0.99,0.02,0.02,0.02,0.02,0.02,"[[11434    41]
 [   59     1]]",0.28,0.04,1.0,0.05,0.08,0.17,"[[ 578 1660]
 [   0   69]]",0.28,0.02,1.0,0.02,0.03,0.08,"[[3082 8316]
 [   0  137]]"
9,1.194,42,460,166,r207n17.gzip,"[385, 322, 269, 225, 188, 157, 131, 109, 91]",78,0.78,0.07,0.72,0.09,0.13,0.26,"[[1766  488]
 [  15   38]]",0.79,0.03,0.76,0.04,0.06,0.14,"[[8989 2441]
 [  25   80]]",0.81,0.08,0.69,0.1,0.14,0.27,"[[1843  412]
 [  16   36]]",0.81,0.03,0.73,0.04,0.06,0.14,"[[9280 2154]
 [  27   74]]"
8,1.185,42,460,141,r207n17.gzip,"[388, 327, 275, 232, 195, 164, 138, 116]",100,0.98,0.0,0.0,,,,"[[2268    6]
 [  33    0]]",0.99,0.03,0.02,0.03,0.02,0.02,"[[11447    28]
 [   59     1]]",0.81,0.09,0.81,0.11,0.16,0.31,"[[1821  433]
 [  10   43]]",0.81,0.04,0.82,0.05,0.07,0.16,"[[9241 2189]
 [  19   86]]"
8,1.068,42,460,230,r207n17.gzip,"[430, 402, 376, 352, 329, 308, 288, 269]",255,0.98,0.0,0.0,,,,"[[2268    6]
 [  33    0]]",0.99,0.03,0.02,0.03,0.02,0.02,"[[11442    33]
 [   59     1]]",0.78,0.08,0.75,0.1,0.15,0.28,"[[1766  484]
 [  14   43]]",0.79,0.04,0.79,0.04,0.07,0.15,"[[9022 2402]
 [  23   88]]"
9,1.132,42,460,243,r207n17.gzip,"[406, 358, 316, 279, 246, 217, 191, 168, 148]",133,0.98,0.0,0.0,,,,"[[2267    7]
 [  33    0]]",0.99,0.03,0.02,0.02,0.02,0.02,"[[11437    38]
 [   59     1]]",0.81,0.09,0.73,0.1,0.15,0.29,"[[1823  429]
 [  15   40]]",0.8,0.04,0.78,0.04,0.07,0.15,"[[9186 2241]
 [  24   84]]"
7,1.3530000000000002,42,460,257,r207n17.gzip,"[339, 250, 184, 135, 99, 73, 53]",41,0.98,0.0,0.0,,,,"[[2268    6]
 [  33    0]]",0.99,0.03,0.02,0.03,0.02,0.02,"[[11444    31]
 [   59     1]]",0.33,0.04,1.0,0.05,0.08,0.17,"[[ 691 1552]
 [   0   64]]",0.32,0.02,1.0,0.02,0.03,0.08,"[[3565 7841]
 [   0  129]]"
7,1.341,42,460,259,r207n17.gzip,"[343, 255, 190, 141, 105, 78, 58]",44,0.98,0.0,0.0,,,,"[[2265    9]
 [  33    0]]",0.99,0.02,0.02,0.02,0.02,0.02,"[[11429    46]
 [   59     1]]",0.49,0.05,0.94,0.06,0.09,0.2,"[[1061 1181]
 [   4   61]]",0.49,0.02,0.91,0.02,0.04,0.09,"[[5590 5816]
 [  11  118]]"
10,1.2,42,460,215,r207n17.gzip,"[383, 319, 265, 220, 183, 152, 126, 105, 87, 72]",62,0.98,0.0,0.0,,,,"[[2270    4]
 [  33    0]]",0.99,0.04,0.02,0.03,0.02,0.02,"[[11448    27]
 [   59     1]]",0.77,0.07,0.76,0.09,0.13,0.26,"[[1736  517]
 [  13   41]]",0.77,0.03,0.78,0.04,0.06,0.13,"[[8819 2610]
 [  23   83]]"
7,1.4069999999999998,42,460,194,r207n17.gzip,"[326, 231, 164, 116, 82, 58, 41]",30,0.98,0.11,0.03,0.07,0.05,0.03,"[[2265    8]
 [  33    1]]",0.99,0.03,0.03,0.03,0.03,0.03,"[[11418    56]
 [   59     2]]",0.61,0.06,0.93,0.07,0.11,0.23,"[[1354  895]
 [   4   54]]",0.62,0.02,0.89,0.03,0.04,0.1,"[[7080 4342]
 [  12  101]]"
6,1.3730000000000002,42,460,290,r207n17.gzip,"[335, 243, 176, 128, 93, 67]",50,0.98,0.0,0.0,,,,"[[2266    8]
 [  33    0]]",0.99,0.02,0.02,0.02,0.02,0.02,"[[11425    50]
 [   59     1]]",0.98,0.0,0.0,,,,"[[2266    8]
 [  33    0]]",0.99,0.02,0.02,0.02,0.02,0.02,"[[11431    44]
 [   59     1]]"
9,1.362,42,460,190,r207n17.gzip,"[337, 247, 181, 132, 96, 70, 51, 37, 27]",21,0.76,0.07,0.73,0.08,0.13,0.25,"[[1712  540]
 [  15   40]]",0.76,0.03,0.76,0.04,0.06,0.13,"[[8699 2727]
 [  26   83]]",0.79,0.07,0.7,0.09,0.13,0.26,"[[1783  471]
 [  16   37]]",0.79,0.03,0.75,0.04,0.06,0.13,"[[9025 2408]
 [  26   76]]"
8,1.2229999999999999,42,460,271,r207n17.gzip,"[376, 307, 251, 205, 167, 136, 111, 90]",75,0.75,0.07,0.74,0.08,0.12,0.24,"[[1679  574]
 [  14   40]]",0.75,0.03,0.79,0.04,0.06,0.13,"[[8575 2852]
 [  23   85]]",0.77,0.07,0.72,0.08,0.12,0.25,"[[1736  518]
 [  15   38]]",0.77,0.03,0.77,0.04,0.06,0.13,"[[8820 2611]
 [  24   80]]"
7,1.357,42,460,113,r207n17.gzip,"[338, 249, 183, 134, 98, 72, 53]",40,0.98,0.0,0.0,,,,"[[2270    4]
 [  33    0]]",0.99,0.05,0.02,0.03,0.02,0.02,"[[11455    20]
 [   59     1]]",0.54,0.05,0.92,0.06,0.09,0.2,"[[1181 1067]
 [   5   54]]",0.53,0.02,0.9,0.02,0.04,0.09,"[[6008 5412]
 [  11  104]]"
8,1.2690000000000001,42,460,161,r207n17.gzip,"[362, 285, 224, 176, 138, 108, 85, 66]",54,0.98,0.0,0.0,,,,"[[2268    6]
 [  33    0]]",0.99,0.03,0.02,0.02,0.02,0.02,"[[11438    37]
 [   59     1]]",0.59,0.05,0.85,0.06,0.09,0.2,"[[1302  946]
 [   9   50]]",0.59,0.02,0.84,0.02,0.04,0.09,"[[6758 4666]
 [  18   93]]"
10,1.151,42,460,139,r207n17.gzip,"[399, 346, 300, 260, 225, 195, 169, 146, 126, 109]",98,0.79,0.08,0.8,0.1,0.15,0.29,"[[1770  483]
 [  11   43]]",0.79,0.04,0.83,0.04,0.07,0.15,"[[9028 2398]
 [  19   90]]",0.86,0.11,0.77,0.14,0.2,0.35,"[[1938  317]
 [  12   40]]",0.86,0.05,0.77,0.06,0.09,0.19,"[[9799 1634]
 [  23   79]]"
6,1.159,42,460,312,r207n17.gzip,"[396, 341, 294, 253, 218, 188]",164,0.98,0.0,0.0,,,,"[[2266    8]
 [  33    0]]",0.99,0.02,0.02,0.02,0.02,0.02,"[[11425    50]
 [   59     1]]",0.35,0.04,1.0,0.05,0.08,0.18,"[[ 742 1501]
 [   0   64]]",0.35,0.02,1.0,0.02,0.03,0.08,"[[3900 7509]
 [   0  126]]"
5,1.185,42,460,316,r207n17.gzip,"[388, 327, 275, 232, 195]",166,0.98,0.0,0.0,,,,"[[2270    4]
 [  33    0]]",0.99,0.03,0.02,0.03,0.02,0.02,"[[11446    29]
 [   59     1]]",0.78,0.06,0.62,0.07,0.11,0.22,"[[1757  498]
 [  20   32]]",0.78,0.02,0.62,0.03,0.05,0.1,"[[8980 2459]
 [  36   60]]"
6,1.203,42,460,250,r207n17.gzip,"[382, 317, 263, 218, 181, 150]",126,0.98,0.0,0.0,,,,"[[2267    7]
 [  33    0]]",0.99,0.02,0.02,0.02,0.02,0.02,"[[11428    47]
 [   59     1]]",0.4,0.04,0.92,0.05,0.08,0.18,"[[ 870 1372]
 [   5   60]]",0.41,0.02,0.93,0.02,0.03,0.08,"[[4576 6837]
 [   8  114]]"
5,1.273,42,460,314,r207n17.gzip,"[361, 283, 222, 174, 136]",108,0.98,0.0,0.0,,,,"[[2264   10]
 [  33    0]]",0.99,0.02,0.02,0.02,0.02,0.02,"[[11423    52]
 [   59     1]]",0.68,0.05,0.71,0.06,0.09,0.2,"[[1523  729]
 [  16   39]]",0.69,0.02,0.73,0.03,0.04,0.09,"[[7870 3560]
 [  28   77]]"
6,1.2930000000000001,42,460,238,r207n17.gzip,"[355, 274, 211, 163, 126, 97]",76,0.98,0.0,0.0,,,,"[[2268    6]
 [  33    0]]",0.99,0.02,0.02,0.02,0.02,0.02,"[[11430    45]
 [   59     1]]",0.67,0.05,0.67,0.06,0.09,0.18,"[[1522  733]
 [  17   35]]",0.69,0.02,0.68,0.02,0.04,0.09,"[[7913 3522]
 [  32   68]]"
7,1.158,42,460,205,r207n17.gzip,"[397, 342, 295, 254, 219, 189, 163]",142,0.98,0.0,0.0,,,,"[[2268    6]
 [  33    0]]",0.99,0.02,0.02,0.02,0.02,0.02,"[[11435    40]
 [   59     1]]",0.64,0.05,0.71,0.06,0.09,0.18,"[[1437  815]
 [  16   39]]",0.65,0.02,0.73,0.02,0.04,0.09,"[[7461 3968]
 [  29   77]]"
4,1.139,42,460,222,r207n17.gzip,"[403, 353, 309, 271]",240,0.98,0.2,0.03,0.09,0.05,0.04,"[[2270    4]
 [  32    1]]",0.99,0.17,0.03,0.09,0.06,0.04,"[[11465    10]
 [   58     2]]",0.98,0.18,0.06,0.13,0.09,0.07,"[[2264    9]
 [  32    2]]",0.99,0.12,0.05,0.09,0.07,0.06,"[[11452    23]
 [   57     3]]"
8,1.131,42,460,278,r207n17.gzip,"[406, 358, 316, 279, 246, 217, 191, 168]",152,0.82,0.09,0.74,0.11,0.16,0.3,"[[1850  404]
 [  14   39]]",0.82,0.04,0.78,0.05,0.07,0.16,"[[9344 2085]
 [  23   83]]",0.86,0.1,0.69,0.12,0.18,0.32,"[[1947  309]
 [  16   35]]",0.85,0.04,0.74,0.05,0.08,0.17,"[[9784 1652]
 [  26   73]]"
5,1.31,42,460,295,r207n17.gzip,"[351, 267, 203, 154, 117]",91,0.99,0.0,0.0,,,,"[[2273    1]
 [  33    0]]",0.99,0.25,0.02,0.07,0.03,0.02,"[[11472     3]
 [   59     1]]",0.81,0.07,0.6,0.08,0.12,0.23,"[[1851  408]
 [  19   29]]",0.82,0.03,0.6,0.03,0.05,0.11,"[[9400 2047]
 [  35   53]]"
6,1.134,42,460,28,r207n17.gzip,"[405, 357, 314, 276, 243, 214]",191,0.98,0.0,0.0,,,,"[[2267    7]
 [  33    0]]",0.99,0.02,0.02,0.02,0.02,0.02,"[[11431    44]
 [   59     1]]",0.74,0.07,0.94,0.09,0.13,0.28,"[[1654  603]
 [   3   47]]",0.74,0.03,0.95,0.04,0.06,0.13,"[[8430 3007]
 [   5   93]]"
9,1.104,42,460,378,r207n17.gzip,"[416, 376, 340, 307, 278, 251, 227, 205, 185]",171,0.98,0.0,0.0,,,,"[[2268    6]
 [  33    0]]",0.99,0.03,0.02,0.03,0.02,0.02,"[[11443    32]
 [   59     1]]",0.84,0.1,0.74,0.12,0.17,0.32,"[[1887  366]
 [  14   40]]",0.83,0.04,0.79,0.05,0.08,0.17,"[[9514 1914]
 [  23   84]]"
7,1.094,42,460,56,r207n17.gzip,"[420, 383, 350, 319, 291, 265, 242]",225,0.98,0.08,0.03,0.06,0.04,0.03,"[[2263   11]
 [  32    1]]",0.99,0.03,0.03,0.03,0.03,0.03,"[[11416    59]
 [   58     2]]",0.58,0.06,0.95,0.07,0.11,0.23,"[[1275  971]
 [   3   58]]",0.57,0.02,0.95,0.03,0.04,0.1,"[[6506 4910]
 [   6  113]]"
8,1.162,42,460,333,r207n17.gzip,"[395, 339, 291, 250, 215, 185, 159, 136]",119,0.98,0.0,0.0,,,,"[[2268    6]
 [  33    0]]",0.99,0.03,0.02,0.03,0.02,0.02,"[[11443    32]
 [   59     1]]",0.86,0.1,0.66,0.12,0.18,0.31,"[[1942  312]
 [  18   35]]",0.86,0.04,0.68,0.05,0.08,0.17,"[[9835 1599]
 [  32   69]]"
7,1.162,42,460,260,r207n17.gzip,"[395, 339, 291, 250, 215, 185, 159]",138,0.98,0.0,0.0,,,,"[[2268    6]
 [  33    0]]",0.99,0.03,0.02,0.02,0.02,0.02,"[[11440    35]
 [   59     1]]",0.4,0.04,0.98,0.06,0.09,0.19,"[[ 851 1390]
 [   1   65]]",0.4,0.02,0.98,0.02,0.04,0.08,"[[4465 6942]
 [   2  126]]"
6,1.165,42,460,298,r207n17.gzip,"[394, 338, 290, 248, 212, 181]",158,0.98,0.0,0.0,,,,"[[2266    8]
 [  33    0]]",0.99,0.02,0.02,0.02,0.02,0.02,"[[11424    51]
 [   59     1]]",0.9,0.09,0.41,0.1,0.15,0.24,"[[2065  196]
 [  27   19]]",0.91,0.03,0.44,0.04,0.06,0.13,"[[10433  1020]
 [   46    36]]"
4,1.173,42,460,211,r207n17.gzip,"[392, 334, 284, 242]",207,0.99,0.5,0.03,0.12,0.06,0.04,"[[2273    1]
 [  32    1]]",0.99,0.25,0.03,0.11,0.06,0.04,"[[11469     6]
 [   58     2]]",0.98,0.2,0.03,0.09,0.05,0.04,"[[2270    4]
 [  32    1]]",0.99,0.11,0.03,0.07,0.05,0.04,"[[11458    17]
 [   58     2]]"
9,1.158,42,460,366,r207n17.gzip,"[397, 342, 295, 254, 219, 189, 163, 140, 120]",106,0.98,0.0,0.0,,,,"[[2269    5]
 [  33    0]]",0.99,0.04,0.02,0.03,0.02,0.02,"[[11448    27]
 [   59     1]]",0.85,0.1,0.74,0.12,0.18,0.33,"[[1913  341]
 [  14   39]]",0.84,0.04,0.78,0.05,0.08,0.18,"[[9636 1794]
 [  23   82]]"
10,1.286,42,460,267,r207n17.gzip,"[357, 277, 215, 167, 129, 100, 77, 59, 45, 34]",29,0.98,0.0,0.0,,,,"[[2269    5]
 [  33    0]]",0.99,0.03,0.02,0.03,0.02,0.02,"[[11444    31]
 [   59     1]]",0.79,0.08,0.79,0.1,0.15,0.29,"[[1782  472]
 [  11   42]]",0.79,0.04,0.81,0.04,0.07,0.15,"[[9068 2360]
 [  20   87]]"
8,1.235,42,460,171,r207n17.gzip,"[372, 301, 243, 196, 158, 127, 102, 82]",69,0.98,0.0,0.0,,,,"[[2268    6]
 [  33    0]]",0.99,0.03,0.02,0.02,0.02,0.02,"[[11440    35]
 [   59     1]]",0.64,0.05,0.75,0.06,0.09,0.2,"[[1440  810]
 [  14   43]]",0.65,0.02,0.76,0.02,0.04,0.09,"[[7419 4011]
 [  25   80]]"
5,1.088,42,460,101,r207n17.gzip,"[422, 387, 355, 326, 299]",277,0.98,0.0,0.0,,,,"[[2268    6]
 [  33    0]]",0.99,0.03,0.02,0.02,0.02,0.02,"[[11441    34]
 [   59     1]]",0.78,0.06,0.62,0.07,0.11,0.21,"[[1758  499]
 [  19   31]]",0.77,0.02,0.65,0.03,0.05,0.1,"[[8864 2576]
 [  33   62]]"
6,1.091,42,460,75,r207n17.gzip,"[421, 385, 352, 322, 295, 270]",250,0.98,0.0,0.0,,,,"[[2268    6]
 [  33    0]]",0.99,0.02,0.02,0.02,0.02,0.02,"[[11426    49]
 [   59     1]]",0.62,0.06,0.91,0.07,0.11,0.23,"[[1385  865]
 [   5   52]]",0.62,0.02,0.93,0.03,0.04,0.1,"[[7044 4380]
 [   8  103]]"
7,1.233,42,460,287,r207n17.gzip,"[373, 302, 244, 197, 159, 128, 103]",86,0.98,0.0,0.0,,,,"[[2267    7]
 [  33    0]]",0.99,0.02,0.02,0.02,0.02,0.02,"[[11429    46]
 [   59     1]]",0.82,0.06,0.52,0.07,0.11,0.21,"[[1878  381]
 [  23   25]]",0.83,0.02,0.52,0.03,0.04,0.1,"[[9511 1938]
 [  41   45]]"
9,1.185,42,460,326,r207n17.gzip,"[388, 327, 275, 232, 195, 164, 138, 116, 97]",84,0.98,0.0,0.0,,,,"[[2269    5]
 [  33    0]]",0.99,0.04,0.02,0.03,0.02,0.02,"[[11448    27]
 [   59     1]]",0.79,0.08,0.72,0.09,0.14,0.27,"[[1781  472]
 [  15   39]]",0.79,0.03,0.76,0.04,0.06,0.14,"[[9056 2375]
 [  25   79]]"
8,1.029,42,460,226,r207n17.gzip,"[447, 434, 421, 409, 397, 385, 374, 363]",357,0.98,0.0,0.0,,,,"[[2268    6]
 [  33    0]]",0.99,0.02,0.02,0.02,0.02,0.02,"[[11436    39]
 [   59     1]]",0.82,0.08,0.69,0.1,0.15,0.28,"[[1852  403]
 [  16   36]]",0.81,0.03,0.72,0.04,0.06,0.14,"[[9309 2128]
 [  27   71]]"
10,1.209,42,460,126,r207n17.gzip,"[380, 314, 259, 214, 177, 146, 120, 99, 81, 66]",57,0.98,0.0,0.0,,,,"[[2269    5]
 [  33    0]]",0.99,0.04,0.02,0.03,0.02,0.02,"[[11448    27]
 [   59     1]]",0.89,0.09,0.62,0.11,0.16,0.29,"[[2016  249]
 [  16   26]]",0.88,0.04,0.69,0.05,0.08,0.17,"[[10102  1347]
 [   27    59]]"
9,1.055,42,460,149,r207n17.gzip,"[436, 413, 391, 370, 350, 331, 313, 296, 280]",270,0.98,0.0,0.0,,,,"[[2269    5]
 [  33    0]]",0.99,0.03,0.02,0.03,0.02,0.02,"[[11444    31]
 [   59     1]]",0.9,0.11,0.54,0.13,0.18,0.3,"[[2054  207]
 [  21   25]]",0.91,0.05,0.59,0.06,0.09,0.18,"[[10387  1058]
 [   37    53]]"
6,1.112,42,460,312,r207n17.gzip,"[413, 371, 333, 299, 268, 241]",219,0.98,0.0,0.0,,,,"[[2269    5]
 [  33    0]]",0.99,0.04,0.02,0.03,0.02,0.02,"[[11449    26]
 [   59     1]]",0.72,0.05,0.67,0.07,0.1,0.21,"[[1627  626]
 [  18   36]]",0.73,0.02,0.67,0.03,0.04,0.1,"[[8396 3038]
 [  33   68]]"
5,1.082,42,460,349,r207n17.gzip,"[425, 392, 362, 334, 308]",287,0.99,,0.0,,,,"[[2274    0]
 [  33    0]]",0.99,0.33,0.02,0.07,0.03,0.02,"[[11473     2]
 [   59     1]]",0.52,0.05,0.98,0.07,0.1,0.22,"[[1131 1113]
 [   1   62]]",0.52,0.02,0.99,0.03,0.04,0.1,"[[5838 5571]
 [   1  125]]"
7,1.042,42,460,235,r207n17.gzip,"[441, 423, 405, 388, 372, 357, 342]",330,0.98,0.0,0.0,,,,"[[2267    7]
 [  33    0]]",0.99,0.02,0.02,0.02,0.02,0.02,"[[11427    48]
 [   59     1]]",0.57,0.05,0.85,0.06,0.09,0.2,"[[1274  973]
 [   9   51]]",0.58,0.02,0.84,0.02,0.04,0.09,"[[6628 4793]
 [  18   96]]"
8,1.331,42,460,185,r207n17.gzip,"[345, 259, 194, 145, 108, 81, 60, 45]",35,0.98,0.0,0.0,,,,"[[2268    6]
 [  33    0]]",0.99,0.02,0.02,0.02,0.02,0.02,"[[11434    41]
 [   59     1]]",0.78,0.08,0.78,0.1,0.14,0.28,"[[1763  490]
 [  12   42]]",0.78,0.03,0.79,0.04,0.06,0.14,"[[8931 2497]
 [  22   85]]"
7,1.113,42,460,209,r207n17.gzip,"[413, 371, 333, 299, 268, 240, 215]",195,0.98,0.0,0.0,,,,"[[2265    9]
 [  33    0]]",0.99,0.02,0.02,0.02,0.02,0.02,"[[11428    47]
 [   59     1]]",0.36,0.04,1.0,0.05,0.08,0.19,"[[ 771 1469]
 [   0   67]]",0.36,0.02,1.0,0.02,0.03,0.08,"[[4011 7392]
 [   0  132]]"
5,1.214,42,460,397,r207n17.gzip,"[378, 311, 256, 210, 172]",144,0.98,0.0,0.0,,,,"[[2267    7]
 [  33    0]]",0.99,0.02,0.02,0.02,0.02,0.02,"[[11430    45]
 [   59     1]]",0.98,0.0,0.0,,,,"[[2267    7]
 [  33    0]]",0.99,0.02,0.02,0.02,0.02,0.02,"[[11430    45]
 [   59     1]]"
4,1.368,42,460,421,r207n17.gzip,"[336, 245, 179, 130]",96,0.98,0.4,0.06,0.19,0.1,0.07,"[[2270    3]
 [  32    2]]",0.99,0.17,0.05,0.11,0.08,0.06,"[[11459    15]
 [   58     3]]",0.99,0.5,0.06,0.2,0.11,0.07,"[[2271    2]
 [  32    2]]",0.99,0.18,0.05,0.12,0.08,0.06,"[[11460    14]
 [   58     3]]"
6,1.13,42,460,248,r207n17.gzip,"[407, 360, 318, 281, 248, 219]",195,0.98,0.0,0.0,,,,"[[2272    2]
 [  33    0]]",0.99,0.11,0.02,0.05,0.03,0.02,"[[11467     8]
 [   59     1]]",0.67,0.05,0.71,0.06,0.09,0.19,"[[1509  746]
 [  15   37]]",0.68,0.02,0.72,0.02,0.04,0.09,"[[7746 3689]
 [  28   72]]"
10,1.087,42,460,181,r207n17.gzip,"[423, 389, 357, 328, 301, 276, 253, 232, 213, 195]",184,0.74,0.07,0.75,0.09,0.13,0.25,"[[1665  583]
 [  15   44]]",0.75,0.03,0.79,0.04,0.06,0.13,"[[8538 2884]
 [  24   89]]",0.76,0.07,0.72,0.09,0.13,0.26,"[[1722  528]
 [  16   41]]",0.77,0.03,0.76,0.04,0.06,0.13,"[[8788 2638]
 [  26   83]]"
7,1.091,42,460,339,r207n17.gzip,"[421, 385, 352, 322, 295, 270, 247]",230,0.98,0.0,0.0,,,,"[[2265    9]
 [  33    0]]",0.99,0.02,0.02,0.02,0.02,0.02,"[[11426    49]
 [   59     1]]",0.85,0.06,0.47,0.08,0.11,0.21,"[[1934  326]
 [  25   22]]",0.85,0.02,0.48,0.03,0.05,0.1,"[[9803 1647]
 [  44   41]]"
6,1.197,42,460,199,r207n17.gzip,"[384, 320, 267, 223, 186, 155]",131,0.98,0.0,0.0,,,,"[[2268    6]
 [  33    0]]",0.99,0.02,0.02,0.02,0.02,0.02,"[[11432    43]
 [   59     1]]",0.83,0.06,0.52,0.08,0.12,0.22,"[[1881  376]
 [  24   26]]",0.84,0.03,0.57,0.04,0.06,0.12,"[[9657 1783]
 [  41   54]]"
8,1.044,42,460,265,r207n17.gzip,"[440, 421, 403, 386, 369, 353, 338, 323]",312,0.75,0.07,0.75,0.09,0.13,0.26,"[[1694  554]
 [  15   44]]",0.76,0.03,0.79,0.04,0.06,0.14,"[[8698 2724]
 [  24   89]]",0.76,0.07,0.72,0.09,0.13,0.26,"[[1720  529]
 [  16   42]]",0.77,0.03,0.77,0.04,0.06,0.13,"[[8833 2593]
 [  25   84]]"
9,1.27,42,460,279,r207n17.gzip,"[362, 285, 224, 176, 138, 108, 85, 66, 51]",42,0.76,0.07,0.8,0.09,0.14,0.27,"[[1718  535]
 [  11   43]]",0.77,0.03,0.83,0.04,0.06,0.14,"[[8742 2683]
 [  19   91]]",0.75,0.08,0.84,0.09,0.14,0.28,"[[1675  575]
 [   9   48]]",0.74,0.03,0.85,0.04,0.06,0.14,"[[8458 2964]
 [  17   96]]"
7,1.471,42,460,153,r207n17.gzip,"[312, 212, 144, 97, 65, 44, 29]",21,0.98,0.0,0.0,,,,"[[2268    6]
 [  33    0]]",0.99,0.03,0.02,0.02,0.02,0.02,"[[11441    34]
 [   59     1]]",0.7,0.07,0.88,0.08,0.12,0.26,"[[1569  682]
 [   7   49]]",0.71,0.03,0.86,0.03,0.05,0.12,"[[8144 3281]
 [  15   95]]"
8,1.2329999999999999,42,460,115,r207n17.gzip,"[373, 302, 244, 197, 159, 128, 103, 83]",70,0.86,0.1,0.67,0.13,0.18,0.32,"[[1945  308]
 [  18   36]]",0.86,0.04,0.69,0.05,0.08,0.18,"[[9873 1558]
 [  32   72]]",0.88,0.11,0.66,0.13,0.18,0.32,"[[1998  262]
 [  16   31]]",0.88,0.05,0.7,0.06,0.09,0.19,"[[10142  1299]
 [   28    66]]"
8,1.067,42,460,137,r207n17.gzip,"[431, 403, 377, 353, 330, 309, 289, 270]",256,0.98,0.0,0.0,,,,"[[2268    6]
 [  33    0]]",0.99,0.03,0.02,0.02,0.02,0.02,"[[11441    34]
 [   59     1]]",0.98,0.0,0.0,,,,"[[2271    3]
 [  33    0]]",0.99,0.07,0.02,0.04,0.03,0.02,"[[11461    14]
 [   59     1]]"
5,1.178,42,460,208,r207n17.gzip,"[390, 331, 280, 237, 201]",172,0.98,0.0,0.0,,,,"[[2268    6]
 [  33    0]]",0.99,0.03,0.02,0.03,0.02,0.02,"[[11443    32]
 [   59     1]]",0.88,0.13,0.8,0.16,0.23,0.4,"[[1994  263]
 [  10   40]]",0.88,0.05,0.8,0.06,0.1,0.21,"[[10045  1394]
 [   19    77]]"
7,1.046,42,460,251,r207n17.gzip,"[439, 419, 400, 382, 365, 348, 332]",322,0.98,0.0,0.0,,,,"[[2264   10]
 [  33    0]]",0.99,0.02,0.02,0.02,0.02,0.02,"[[11421    54]
 [   59     1]]",0.82,0.06,0.53,0.07,0.11,0.2,"[[1859  401]
 [  22   25]]",0.83,0.02,0.52,0.03,0.04,0.09,"[[9475 1975]
 [  41   44]]"
10,1.073,42,460,220,r207n17.gzip,"[428, 398, 370, 344, 320, 298, 277, 258, 240, 223]",211,0.98,0.0,0.0,,,,"[[2268    6]
 [  33    0]]",0.99,0.03,0.02,0.02,0.02,0.02,"[[11438    37]
 [   59     1]]",0.8,0.09,0.74,0.11,0.16,0.3,"[[1804  445]
 [  15   43]]",0.8,0.04,0.77,0.05,0.07,0.15,"[[9135 2287]
 [  26   87]]"
4,1.3,42,460,305,r207n17.gzip,"[353, 271, 208, 160]",124,0.99,0.33,0.03,0.11,0.06,0.04,"[[2272    2]
 [  32    1]]",0.99,0.18,0.03,0.1,0.06,0.04,"[[11466     9]
 [   58     2]]",0.98,0.14,0.03,0.08,0.05,0.04,"[[2268    6]
 [  32    1]]",0.99,0.08,0.03,0.06,0.05,0.04,"[[11453    22]
 [   58     2]]"
9,1.032,42,460,194,r207n17.gzip,"[445, 431, 417, 404, 391, 378, 366, 354, 343]",337,0.98,0.0,0.0,,,,"[[2268    6]
 [  33    0]]",0.99,0.03,0.02,0.02,0.02,0.02,"[[11438    37]
 [   59     1]]",0.81,0.09,0.71,0.11,0.15,0.29,"[[1829  422]
 [  16   40]]",0.81,0.04,0.76,0.04,0.07,0.15,"[[9221 2205]
 [  26   83]]"
6,1.145,42,460,380,r207n17.gzip,"[401, 350, 305, 266, 232, 202]",178,0.98,0.0,0.0,,,,"[[2267    7]
 [  33    0]]",0.99,0.02,0.02,0.02,0.02,0.02,"[[11435    40]
 [   59     1]]",0.98,0.0,0.0,,,,"[[2267    7]
 [  33    0]]",0.99,0.02,0.02,0.02,0.02,0.02,"[[11435    40]
 [   59     1]]"
4,1.226,42,460,320,r207n17.gzip,"[375, 305, 248, 202]",166,0.98,0.25,0.03,0.1,0.05,0.04,"[[2271    3]
 [  32    1]]",0.99,0.2,0.03,0.1,0.06,0.04,"[[11467     8]
 [   58     2]]",0.98,0.22,0.06,0.14,0.09,0.07,"[[2266    7]
 [  32    2]]",0.99,0.15,0.07,0.12,0.09,0.07,"[[11451    23]
 [   57     4]]"
9,1.045,42,460,239,r207n17.gzip,"[440, 421, 402, 384, 367, 351, 335, 320, 306]",297,0.78,0.09,0.78,0.11,0.16,0.3,"[[1763  485]
 [  13   46]]",0.78,0.04,0.81,0.04,0.07,0.15,"[[8944 2476]
 [  22   93]]",0.8,0.09,0.77,0.11,0.16,0.31,"[[1811  439]
 [  13   44]]",0.8,0.04,0.8,0.05,0.07,0.16,"[[9173 2252]
 [  22   88]]"
8,1.175,42,460,86,r207n17.gzip,"[391, 332, 282, 240, 204, 173, 147, 125]",108,0.98,0.0,0.0,,,,"[[2270    4]
 [  33    0]]",0.99,0.03,0.02,0.03,0.02,0.02,"[[11443    32]
 [   59     1]]",0.41,0.05,1.0,0.06,0.09,0.19,"[[ 893 1350]
 [   0   64]]",0.41,0.02,1.0,0.02,0.04,0.09,"[[4657 6750]
 [   0  128]]"
7,1.153,42,460,34,r207n17.gzip,"[398, 345, 299, 259, 224, 194, 168]",147,0.98,0.0,0.0,,,,"[[2265    9]
 [  33    0]]",0.99,0.02,0.02,0.02,0.02,0.02,"[[11426    49]
 [   59     1]]",0.64,0.06,0.93,0.07,0.11,0.24,"[[1421  830]
 [   4   52]]",0.64,0.02,0.93,0.03,0.05,0.11,"[[7229 4197]
 [   8  101]]"
5,1.147,42,460,348,r207n17.gzip,"[401, 349, 304, 265, 231]",202,0.88,0.12,0.72,0.14,0.2,0.36,"[[1988  269]
 [  14   36]]",0.88,0.05,0.75,0.06,0.09,0.19,"[[10047  1393]
 [   24    71]]",0.88,0.12,0.72,0.15,0.21,0.37,"[[2001  256]
 [  14   36]]",0.88,0.05,0.75,0.06,0.09,0.2,"[[10111  1329]
 [   24    71]]"
8,1.176,42,460,67,r207n17.gzip,"[391, 332, 282, 239, 203, 172, 146, 124]",107,0.98,0.0,0.0,,,,"[[2268    6]
 [  33    0]]",0.99,0.03,0.02,0.03,0.02,0.02,"[[11442    33]
 [   59     1]]",0.89,0.1,0.63,0.12,0.17,0.31,"[[2030  236]
 [  15   26]]",0.89,0.04,0.69,0.05,0.08,0.17,"[[10185  1266]
 [   26    58]]"
6,1.097,42,460,83,r207n17.gzip,"[419, 381, 347, 316, 288, 262]",241,0.98,0.0,0.0,,,,"[[2268    6]
 [  33    0]]",0.99,0.02,0.02,0.02,0.02,0.02,"[[11433    42]
 [   59     1]]",0.74,0.06,0.65,0.07,0.1,0.21,"[[1665  588]
 [  19   35]]",0.74,0.02,0.68,0.03,0.04,0.1,"[[8447 2986]
 [  33   69]]"
7,1.1909999999999998,42,460,45,r207n17.gzip,"[386, 324, 272, 228, 191, 160, 134]",114,0.98,0.0,0.0,,,,"[[2267    7]
 [  33    0]]",0.99,0.02,0.02,0.02,0.02,0.02,"[[11429    46]
 [   59     1]]",0.64,0.06,0.91,0.07,0.11,0.24,"[[1431  818]
 [   5   53]]",0.65,0.02,0.92,0.03,0.05,0.11,"[[7363 4060]
 [   9  103]]"
6,1.335,42,460,286,r207n17.gzip,"[344, 257, 192, 143, 107, 80]",61,0.98,0.0,0.0,,,,"[[2266    8]
 [  33    0]]",0.99,0.02,0.02,0.02,0.02,0.02,"[[11426    49]
 [   59     1]]",0.65,0.06,0.9,0.08,0.12,0.25,"[[1438  808]
 [   6   55]]",0.66,0.03,0.87,0.03,0.05,0.11,"[[7464 3953]
 [  15  103]]"
7,1.072,42,460,174,r207n17.gzip,"[429, 400, 373, 347, 323, 301, 280]",263,0.98,0.0,0.0,,,,"[[2268    6]
 [  33    0]]",0.99,0.03,0.02,0.03,0.02,0.02,"[[11442    33]
 [   59     1]]",0.61,0.06,0.92,0.08,0.12,0.24,"[[1353  890]
 [   5   59]]",0.62,0.03,0.92,0.03,0.05,0.12,"[[7056 4353]
 [  10  116]]"
9,1.1909999999999998,42,460,13,r207n17.gzip,"[386, 324, 272, 228, 191, 160, 134, 112, 94]",80,0.75,0.07,0.75,0.08,0.12,0.25,"[[1680  572]
 [  14   41]]",0.75,0.03,0.79,0.04,0.06,0.13,"[[8558 2867]
 [  23   87]]",0.99,0.9,0.46,0.76,0.61,0.51,"[[2266    2]
 [  21   18]]",1.0,0.75,0.51,0.68,0.6,0.54,"[[11447    13]
 [   37    38]]"
7,1.143,42,460,103,r207n17.gzip,"[402, 351, 307, 268, 234, 204, 178]",158,0.98,0.0,0.0,,,,"[[2267    7]
 [  33    0]]",0.99,0.02,0.02,0.02,0.02,0.02,"[[11430    45]
 [   59     1]]",0.41,0.04,1.0,0.05,0.08,0.19,"[[ 879 1365]
 [   0   63]]",0.41,0.02,1.0,0.02,0.03,0.08,"[[4613 6802]
 [   0  120]]"
7,1.15,42,460,6,r207n17.gzip,"[400, 347, 301, 261, 226, 196, 170]",150,0.98,0.0,0.0,,,,"[[2266    8]
 [  33    0]]",0.99,0.02,0.02,0.02,0.02,0.02,"[[11426    49]
 [   59     1]]",0.92,0.14,0.76,0.16,0.23,0.39,"[[2091  179]
 [   9   28]]",0.92,0.05,0.76,0.07,0.1,0.21,"[[10563   904]
 [   16    52]]"
8,1.162,42,460,121,r207n17.gzip,"[395, 339, 291, 250, 215, 185, 159, 136]",119,0.98,0.0,0.0,,,,"[[2268    6]
 [  33    0]]",0.99,0.02,0.02,0.02,0.02,0.02,"[[11436    39]
 [   59     1]]",0.91,0.11,0.54,0.13,0.18,0.3,"[[2082  184]
 [  19   22]]",0.91,0.05,0.57,0.06,0.09,0.18,"[[10486   967]
 [   35    47]]"
8,1.101,42,460,100,r207n17.gzip,"[417, 378, 343, 311, 282, 256, 232, 210]",193,0.98,0.0,0.0,,,,"[[2268    6]
 [  33    0]]",0.99,0.03,0.02,0.02,0.02,0.02,"[[11438    37]
 [   59     1]]",0.94,0.14,0.51,0.17,0.23,0.34,"[[2142  124]
 [  20   21]]",0.94,0.06,0.56,0.08,0.11,0.22,"[[10782   672]
 [   36    45]]"
8,1.147,42,460,52,r207n17.gzip,"[401, 349, 304, 265, 231, 201, 175, 152]",134,0.75,0.06,0.72,0.08,0.12,0.24,"[[1687  566]
 [  15   39]]",0.75,0.03,0.78,0.04,0.06,0.13,"[[8555 2871]
 [  24   85]]",0.96,0.23,0.48,0.26,0.31,0.39,"[[2204   63]
 [  21   19]]",0.96,0.1,0.51,0.11,0.16,0.27,"[[11078   379]
 [   38    40]]"
8,1.127,42,460,73,r207n17.gzip,"[408, 362, 321, 284, 251, 222, 196, 173]",157,0.8,0.08,0.73,0.1,0.15,0.28,"[[1801  451]
 [  15   40]]",0.79,0.04,0.78,0.04,0.07,0.15,"[[9081 2344]
 [  24   86]]",0.97,0.29,0.45,0.31,0.35,0.4,"[[2222   45]
 [  22   18]]",0.97,0.12,0.45,0.14,0.19,0.3,"[[11210   248]
 [   42    35]]"
6,1.108,42,460,29,r207n17.gzip,"[415, 374, 337, 304, 274, 247]",224,0.98,0.0,0.0,,,,"[[2268    6]
 [  33    0]]",0.99,0.03,0.02,0.02,0.02,0.02,"[[11440    35]
 [   59     1]]",0.98,0.33,0.06,0.18,0.1,0.07,"[[2270    4]
 [  31    2]]",0.99,0.19,0.05,0.12,0.08,0.06,"[[11463    13]
 [   56     3]]"
5,1.136,42,460,40,r207n17.gzip,"[404, 355, 312, 274, 241]",214,0.98,0.0,0.0,,,,"[[2269    5]
 [  33    0]]",0.99,0.03,0.02,0.03,0.02,0.02,"[[11447    28]
 [   59     1]]",0.98,0.12,0.03,0.08,0.05,0.04,"[[2267    7]
 [  32    1]]",0.99,0.1,0.03,0.07,0.05,0.04,"[[11457    19]
 [   57     2]]"
7,1.122,42,460,18,r207n17.gzip,"[409, 364, 324, 288, 256, 228, 203]",183,0.98,0.0,0.0,,,,"[[2268    6]
 [  33    0]]",0.99,0.03,0.02,0.03,0.02,0.02,"[[11442    33]
 [   59     1]]",0.99,0.43,0.09,0.25,0.15,0.11,"[[2270    4]
 [  30    3]]",0.99,0.17,0.12,0.15,0.14,0.13,"[[11441    35]
 [   52     7]]"
7,1.087,42,460,91,r207n17.gzip,"[423, 389, 357, 328, 301, 276, 253]",236,0.98,0.0,0.0,,,,"[[2268    6]
 [  33    0]]",0.99,0.02,0.02,0.02,0.02,0.02,"[[11434    41]
 [   59     1]]",0.51,0.05,0.93,0.06,0.09,0.2,"[[1128 1118]
 [   4   57]]",0.51,0.02,0.93,0.02,0.04,0.09,"[[5813 5603]
 [   8  111]]"
9,1.167,42,460,133,r207n17.gzip,"[394, 337, 288, 246, 210, 179, 153, 131, 112]",98,0.81,0.08,0.71,0.1,0.15,0.28,"[[1820  432]
 [  16   39]]",0.81,0.04,0.77,0.05,0.07,0.15,"[[9208 2217]
 [  25   85]]",0.92,0.12,0.54,0.14,0.19,0.32,"[[2103  163]
 [  19   22]]",0.92,0.05,0.59,0.06,0.1,0.19,"[[10555   897]
 [   34    49]]"
6,1.381,42,460,294,r207n17.gzip,"[333, 241, 174, 125, 90, 65]",48,0.98,0.0,0.0,,,,"[[2268    6]
 [  33    0]]",0.99,0.02,0.02,0.02,0.02,0.02,"[[11433    42]
 [   59     1]]",0.98,0.0,0.0,,,,"[[2268    6]
 [  33    0]]",0.99,0.02,0.02,0.02,0.02,0.02,"[[11433    42]
 [   59     1]]"
5,1.544,42,460,261,r207n17.gzip,"[297, 192, 124, 80, 51]",34,0.98,0.0,0.0,,,,"[[2268    6]
 [  33    0]]",0.99,0.03,0.02,0.02,0.02,0.02,"[[11439    36]
 [   59     1]]",0.75,0.05,0.61,0.07,0.1,0.2,"[[1704  552]
 [  20   31]]",0.76,0.02,0.63,0.03,0.04,0.1,"[[8730 2710]
 [  35   60]]"
10,1.209,42,460,166,r207n17.gzip,"[380, 314, 259, 214, 177, 146, 120, 99, 81, 66]",57,0.82,0.09,0.72,0.1,0.15,0.29,"[[1845  409]
 [  15   38]]",0.82,0.04,0.77,0.05,0.07,0.16,"[[9346 2083]
 [  24   82]]",0.9,0.12,0.6,0.14,0.2,0.33,"[[2056  204]
 [  19   28]]",0.9,0.05,0.63,0.06,0.09,0.19,"[[10336  1107]
 [   34    58]]"
7,1.159,42,460,104,r207n17.gzip,"[396, 341, 294, 253, 218, 188, 162]",141,0.98,0.0,0.0,,,,"[[2268    6]
 [  33    0]]",0.99,0.02,0.02,0.02,0.02,0.02,"[[11434    41]
 [   59     1]]",0.72,0.05,0.69,0.06,0.1,0.2,"[[1626  630]
 [  16   35]]",0.72,0.02,0.69,0.03,0.04,0.09,"[[8285 3155]
 [  29   66]]"
8,1.2329999999999999,42,460,144,r207n17.gzip,"[373, 302, 244, 197, 159, 128, 103, 83]",70,0.98,0.0,0.0,,,,"[[2268    6]
 [  33    0]]",0.99,0.02,0.02,0.02,0.02,0.02,"[[11434    41]
 [   59     1]]",0.86,0.11,0.7,0.13,0.19,0.33,"[[1937  316]
 [  16   38]]",0.85,0.05,0.75,0.06,0.09,0.18,"[[9740 1689]
 [  26   80]]"
6,1.158,42,460,228,r207n17.gzip,"[397, 342, 295, 254, 219, 189]",165,0.98,0.0,0.0,,,,"[[2266    8]
 [  33    0]]",0.99,0.02,0.02,0.02,0.02,0.02,"[[11431    44]
 [   59     1]]",0.6,0.05,0.8,0.06,0.09,0.2,"[[1339  909]
 [  12   47]]",0.61,0.02,0.8,0.02,0.04,0.09,"[[6893 4529]
 [  23   90]]"
6,1.262,42,460,274,r207n17.gzip,"[364, 288, 228, 180, 142, 112]",90,0.98,0.0,0.0,,,,"[[2268    6]
 [  33    0]]",0.99,0.02,0.02,0.02,0.02,0.02,"[[11431    44]
 [   59     1]]",0.73,0.05,0.62,0.06,0.09,0.19,"[[1642  612]
 [  20   33]]",0.74,0.02,0.64,0.03,0.04,0.09,"[[8467 2968]
 [  36   64]]"
7,1.171,42,460,314,r207n17.gzip,"[392, 334, 285, 243, 207, 176, 150]",130,0.98,0.0,0.0,,,,"[[2267    7]
 [  33    0]]",0.99,0.02,0.02,0.02,0.02,0.02,"[[11433    42]
 [   59     1]]",0.34,0.04,1.0,0.05,0.08,0.18,"[[ 714 1526]
 [   0   67]]",0.34,0.02,1.0,0.02,0.03,0.08,"[[3792 7611]
 [   0  132]]"
7,1.18,42,460,84,r207n17.gzip,"[389, 329, 278, 235, 199, 168, 142]",122,0.98,0.0,0.0,,,,"[[2268    6]
 [  33    0]]",0.99,0.03,0.02,0.02,0.02,0.02,"[[11439    36]
 [   59     1]]",0.56,0.05,0.93,0.06,0.1,0.21,"[[1247 1002]
 [   4   54]]",0.56,0.02,0.92,0.03,0.04,0.09,"[[6397 5024]
 [   9  105]]"
8,1.178,42,460,156,r207n17.gzip,"[390, 331, 280, 237, 201, 170, 144, 122]",105,0.76,0.07,0.78,0.09,0.13,0.27,"[[1704  548]
 [  12   43]]",0.76,0.03,0.81,0.04,0.06,0.14,"[[8690 2734]
 [  21   90]]",0.8,0.08,0.75,0.1,0.15,0.29,"[[1811  443]
 [  13   40]]",0.8,0.04,0.79,0.04,0.07,0.15,"[[9148 2280]
 [  22   85]]"
6,1.126,42,460,404,r207n17.gzip,"[408, 362, 321, 285, 253, 224]",200,0.98,0.0,0.0,,,,"[[2268    6]
 [  33    0]]",0.99,0.03,0.02,0.02,0.02,0.02,"[[11438    37]
 [   59     1]]",0.98,0.0,0.0,,,,"[[2268    6]
 [  33    0]]",0.99,0.03,0.02,0.02,0.02,0.02,"[[11438    37]
 [   59     1]]"
9,1.3330000000000002,42,460,327,r207n17.gzip,"[345, 258, 193, 144, 108, 81, 60, 45, 33]",26,0.79,0.08,0.78,0.1,0.15,0.29,"[[1779  473]
 [  12   43]]",0.79,0.03,0.79,0.04,0.07,0.15,"[[9077 2351]
 [  22   85]]",0.79,0.08,0.78,0.1,0.15,0.29,"[[1783  469]
 [  12   43]]",0.79,0.03,0.79,0.04,0.07,0.15,"[[9068 2360]
 [  22   85]]"
9,1.244,42,460,301,r207n17.gzip,"[369, 296, 237, 190, 152, 122, 98, 78, 62]",52,0.98,0.0,0.0,,,,"[[2268    6]
 [  33    0]]",0.99,0.03,0.02,0.03,0.02,0.02,"[[11444    31]
 [   59     1]]",0.75,0.06,0.72,0.08,0.12,0.24,"[[1680  573]
 [  15   39]]",0.75,0.03,0.77,0.03,0.05,0.12,"[[8572 2858]
 [  24   81]]"
5,1.178,42,460,111,r207n17.gzip,"[390, 331, 280, 237, 201]",172,0.98,0.0,0.0,,,,"[[2269    5]
 [  33    0]]",0.99,0.04,0.02,0.03,0.02,0.02,"[[11453    22]
 [   59     1]]",0.78,0.08,0.85,0.1,0.15,0.3,"[[1754  499]
 [   8   46]]",0.78,0.04,0.88,0.04,0.07,0.15,"[[8933 2498]
 [  13   91]]"
6,1.138,42,460,366,r207n17.gzip,"[404, 355, 311, 273, 239, 210]",186,0.98,0.0,0.0,,,,"[[2268    6]
 [  33    0]]",0.99,0.03,0.02,0.02,0.02,0.02,"[[11437    38]
 [   59     1]]",0.44,0.05,0.97,0.06,0.09,0.19,"[[ 949 1294]
 [   2   62]]",0.44,0.02,0.98,0.02,0.04,0.08,"[[4970 6443]
 [   3  119]]"
7,1.171,42,460,433,r207n17.gzip,"[392, 334, 285, 243, 207, 176, 150]",130,0.98,0.0,0.0,,,,"[[2267    7]
 [  33    0]]",0.99,0.02,0.02,0.02,0.02,0.02,"[[11433    42]
 [   59     1]]",0.98,0.0,0.0,,,,"[[2267    7]
 [  33    0]]",0.99,0.02,0.02,0.02,0.02,0.02,"[[11433    42]
 [   59     1]]"
8,1.054,42,460,335,r207n17.gzip,"[436, 413, 391, 370, 351, 333, 315, 298]",286,0.98,0.0,0.0,,,,"[[2268    6]
 [  33    0]]",0.99,0.03,0.02,0.02,0.02,0.02,"[[11440    35]
 [   59     1]]",0.83,0.1,0.75,0.12,0.17,0.32,"[[1866  386]
 [  14   41]]",0.82,0.04,0.79,0.05,0.08,0.17,"[[9401 2027]
 [  23   84]]"
6,1.09,42,460,178,r207n17.gzip,"[422, 387, 355, 325, 298, 273]",252,0.98,0.0,0.0,,,,"[[2268    6]
 [  33    0]]",0.99,0.03,0.02,0.02,0.02,0.02,"[[11441    34]
 [   59     1]]",0.81,0.06,0.57,0.08,0.11,0.22,"[[1837  421]
 [  21   28]]",0.82,0.03,0.59,0.03,0.05,0.11,"[[9436 2008]
 [  37   54]]"
5,1.189,42,460,54,r207n17.gzip,"[386, 324, 272, 228, 191]",163,0.99,,0.0,,,,"[[2274    0]
 [  33    0]]",0.99,0.25,0.02,0.07,0.03,0.02,"[[11472     3]
 [   59     1]]",0.98,0.17,0.03,0.09,0.05,0.04,"[[2269    5]
 [  32    1]]",0.99,0.1,0.03,0.07,0.05,0.04,"[[11458    18]
 [   57     2]]"
7,1.053,42,460,246,r207n17.gzip,"[436, 414, 393, 373, 354, 336, 319]",305,0.98,0.0,0.0,,,,"[[2266    8]
 [  33    0]]",0.99,0.02,0.02,0.02,0.02,0.02,"[[11430    45]
 [   59     1]]",0.37,0.04,0.98,0.05,0.08,0.18,"[[ 790 1452]
 [   1   64]]",0.37,0.02,0.99,0.02,0.03,0.08,"[[4105 7301]
 [   1  128]]"
10,1.158,42,460,358,r207n17.gzip,"[397, 342, 295, 254, 219, 189, 163, 140, 120, 103]",92,0.98,0.0,0.0,,,,"[[2268    6]
 [  33    0]]",0.99,0.03,0.02,0.03,0.02,0.02,"[[11444    31]
 [   59     1]]",0.8,0.08,0.72,0.1,0.14,0.28,"[[1799  454]
 [  15   39]]",0.8,0.04,0.78,0.04,0.07,0.15,"[[9159 2269]
 [  24   83]]"
7,1.083,42,460,201,r207n17.gzip,"[424, 391, 361, 333, 307, 283, 261]",243,0.98,0.0,0.0,,,,"[[2272    2]
 [  33    0]]",0.99,0.14,0.02,0.06,0.03,0.02,"[[11469     6]
 [   59     1]]",0.74,0.05,0.64,0.06,0.1,0.2,"[[1673  584]
 [  18   32]]",0.75,0.02,0.66,0.03,0.04,0.09,"[[8597 2844]
 [  32   62]]"
7,1.104,42,460,187,r207n17.gzip,"[416, 376, 340, 307, 278, 251, 227]",209,0.98,0.0,0.0,,,,"[[2267    7]
 [  33    0]]",0.99,0.02,0.02,0.02,0.02,0.02,"[[11430    45]
 [   59     1]]",0.71,0.05,0.65,0.06,0.09,0.19,"[[1593  660]
 [  19   35]]",0.72,0.02,0.65,0.02,0.04,0.09,"[[8265 3170]
 [  35   65]]"
6,1.189,42,460,445,r207n17.gzip,"[386, 324, 272, 228, 191, 160]",137,0.98,0.0,0.0,,,,"[[2266    8]
 [  33    0]]",0.99,0.02,0.02,0.02,0.02,0.02,"[[11429    46]
 [   59     1]]",0.98,0.0,0.0,,,,"[[2266    8]
 [  33    0]]",0.99,0.02,0.02,0.02,0.02,0.02,"[[11429    46]
 [   59     1]]"
8,1.127,42,460,64,r207n17.gzip,"[408, 362, 321, 284, 251, 222, 196, 173]",157,0.81,0.08,0.72,0.1,0.15,0.28,"[[1820  433]
 [  15   39]]",0.8,0.04,0.78,0.04,0.07,0.15,"[[9176 2250]
 [  24   85]]",0.97,0.29,0.5,0.32,0.37,0.44,"[[2219   48]
 [  20   20]]",0.97,0.13,0.53,0.16,0.21,0.33,"[[11188   270]
 [   36    41]]"
8,1.215,42,460,252,r207n17.gzip,"[378, 311, 255, 209, 172, 141, 116, 95]",80,0.74,0.07,0.78,0.08,0.12,0.25,"[[1672  581]
 [  12   42]]",0.74,0.03,0.81,0.04,0.06,0.13,"[[8485 2942]
 [  20   88]]",0.77,0.07,0.72,0.08,0.13,0.25,"[[1728  525]
 [  15   39]]",0.77,0.03,0.78,0.04,0.06,0.13,"[[8743 2685]
 [  24   83]]"
9,1.1540000000000001,42,460,289,r207n17.gzip,"[398, 344, 298, 258, 223, 193, 167, 144, 124]",110,0.98,0.0,0.0,,,,"[[2268    6]
 [  33    0]]",0.99,0.03,0.02,0.03,0.02,0.02,"[[11442    33]
 [   59     1]]",0.8,0.09,0.77,0.11,0.16,0.3,"[[1803  448]
 [  13   43]]",0.8,0.04,0.8,0.05,0.07,0.15,"[[9135 2291]
 [  22   87]]"
4,1.208,42,460,21,r207n17.gzip,"[380, 314, 259, 214]",179,0.98,0.25,0.03,0.1,0.05,0.04,"[[2271    3]
 [  32    1]]",0.99,0.2,0.03,0.1,0.06,0.04,"[[11467     8]
 [   58     2]]",0.99,0.53,0.27,0.45,0.36,0.3,"[[2266    8]
 [  24    9]]",0.99,0.29,0.23,0.28,0.26,0.24,"[[11441    34]
 [   46    14]]"
5,1.209,42,460,309,r207n17.gzip,"[380, 314, 259, 214, 177]",147,0.98,0.0,0.0,,,,"[[2266    8]
 [  33    0]]",0.99,0.02,0.02,0.02,0.02,0.02,"[[11429    46]
 [   59     1]]",0.39,0.04,0.98,0.05,0.08,0.18,"[[ 839 1405]
 [   1   62]]",0.39,0.02,0.99,0.02,0.03,0.08,"[[4426 6989]
 [   1  119]]"
6,1.079,42,460,218,r207n17.gzip,"[426, 394, 365, 338, 313, 290]",270,0.98,0.0,0.0,,,,"[[2272    2]
 [  33    0]]",0.99,0.1,0.02,0.05,0.03,0.02,"[[11466     9]
 [   59     1]]",0.89,0.08,0.43,0.1,0.14,0.23,"[[2032  229]
 [  26   20]]",0.9,0.03,0.44,0.04,0.06,0.12,"[[10346  1108]
 [   45    36]]"
3,1.2409999999999999,42,460,413,r207n17.gzip,"[370, 298, 240]",194,0.99,0.33,0.03,0.11,0.06,0.04,"[[2272    2]
 [  32    1]]",0.99,0.22,0.03,0.1,0.06,0.04,"[[11468     7]
 [   58     2]]",0.99,0.33,0.03,0.11,0.06,0.04,"[[2272    2]
 [  32    1]]",0.99,0.22,0.03,0.1,0.06,0.04,"[[11468     7]
 [   58     2]]"
8,1.167,42,460,77,r207n17.gzip,"[394, 337, 288, 246, 210, 179, 153, 131]",115,0.98,0.0,0.0,,,,"[[2266    8]
 [  33    0]]",0.99,0.02,0.02,0.02,0.02,0.02,"[[11430    45]
 [   59     1]]",0.69,0.05,0.75,0.06,0.1,0.2,"[[1544  711]
 [  13   39]]",0.69,0.02,0.76,0.02,0.04,0.09,"[[7900 3540]
 [  23   72]]"
7,1.1440000000000001,42,460,124,r207n17.gzip,"[402, 351, 306, 267, 233, 203, 177]",157,0.98,0.0,0.0,,,,"[[2266    8]
 [  33    0]]",0.99,0.02,0.02,0.02,0.02,0.02,"[[11427    48]
 [   59     1]]",0.51,0.05,0.95,0.06,0.09,0.19,"[[1132 1118]
 [   3   54]]",0.51,0.02,0.95,0.02,0.04,0.08,"[[5723 5701]
 [   5  106]]"
5,1.125,42,460,391,r207n17.gzip,"[408, 362, 321, 285, 253]",227,0.98,0.0,0.0,,,,"[[2269    5]
 [  33    0]]",0.99,0.04,0.02,0.03,0.02,0.02,"[[11449    26]
 [   59     1]]",0.71,0.05,0.7,0.07,0.1,0.2,"[[1594  660]
 [  16   37]]",0.72,0.02,0.69,0.03,0.04,0.09,"[[8193 3244]
 [  30   68]]"
6,1.3030000000000002,42,460,320,r207n17.gzip,"[353, 270, 207, 158, 121, 92]",72,0.98,0.0,0.0,,,,"[[2267    7]
 [  33    0]]",0.99,0.02,0.02,0.02,0.02,0.02,"[[11430    45]
 [   59     1]]",0.82,0.06,0.48,0.07,0.1,0.19,"[[1865  394]
 [  25   23]]",0.83,0.02,0.51,0.03,0.04,0.1,"[[9508 1937]
 [  44   46]]"
6,1.3230000000000002,42,460,234,r207n17.gzip,"[347, 262, 198, 149, 112, 84]",65,0.98,0.0,0.0,,,,"[[2268    6]
 [  33    0]]",0.99,0.03,0.02,0.02,0.02,0.02,"[[11437    38]
 [   59     1]]",0.98,0.17,0.03,0.09,0.05,0.04,"[[2268    5]
 [  33    1]]",0.99,0.05,0.03,0.05,0.04,0.04,"[[11437    37]
 [   59     2]]"
8,1.298,42,460,271,r207n17.gzip,"[354, 272, 209, 161, 124, 95, 73, 56]",44,0.98,0.0,0.0,,,,"[[2268    6]
 [  33    0]]",0.99,0.03,0.02,0.03,0.02,0.02,"[[11442    33]
 [   59     1]]",0.64,0.04,0.72,0.05,0.08,0.18,"[[1427  827]
 [  15   38]]",0.65,0.02,0.72,0.02,0.03,0.08,"[[7427 4006]
 [  29   73]]"
10,1.33,42,460,258,r207n17.gzip,"[345, 259, 194, 145, 109, 81, 60, 45, 33, 24]",20,0.93,0.14,0.55,0.16,0.22,0.34,"[[2114  149]
 [  20   24]]",0.93,0.06,0.61,0.08,0.11,0.22,"[[10631   815]
 [   35    54]]",0.95,0.19,0.53,0.21,0.28,0.39,"[[2163  101]
 [  20   23]]",0.95,0.08,0.59,0.1,0.14,0.26,"[[10853   596]
 [   35    51]]"
